[
  {
    "id": 1,
    "name": "Acme Corp",
    "email": "contact@acme.com",
    "phone": "555-0100",
    "address": "123 Industrial Way, Tech City, TC 90210"
  },
  {
    "id": 2,
    "name": "Global Services Inc",
    "email": "billing@globalservices.com",
    "phone": "555-0200",
    "address": "456 Corporate Blvd, Metropolis, NY 10001"
  },
  {
    "name": "fnghn",
    "email": "bhilareseema78@gmail.com",
    "phone": "+919373533564",
    "address": "flat No. 605, B wing ,Ganesh Galaxy, Dattangar",
    "id": 3
  }
]