[
  {
    "id": 1,
    "customerId": 1,
    "invoiceNumber": "INV-001",
    "date": "2026-01-20",
    "dueDate": "2026-01-27",
    "status": "paid",
    "subtotal": "1000",
    "tax": "100",
    "total": "1100",
    "notes": "Consulting services for Q1",
    "items": [
      {
        "description": "Strategy Session",
        "quantity": 5,
        "unitPrice": 200
      }
    ]
  },
  {
    "id": 2,
    "customerId": 2,
    "invoiceNumber": "INV-002",
    "date": "2026-01-20",
    "dueDate": "2026-02-03",
    "status": "paid",
    "subtotal": 499.3,
    "tax": 49.93000000000001,
    "total": 549.23,
    "notes": "Web development deposit",
    "items": [
      {
        "description": "Frontend Development",
        "quantity": 10,
        "unitPrice": 49.93
      }
    ]
  },
  {
    "customerId": 1,
    "invoiceNumber": "INV-5695",
    "date": "2026-01-20",
    "dueDate": "2026-01-27",
    "status": "paid",
    "subtotal": 200,
    "tax": 20,
    "total": 220,
    "notes": "Thank you for your business!",
    "items": [
      {
        "description": "mouse",
        "quantity": 1,
        "unitPrice": 200
      }
    ],
    "id": 3
  },
  {
    "customerId": 2,
    "invoiceNumber": "INV-3",
    "date": "2026-01-20",
    "dueDate": "2026-01-27",
    "status": "draft",
    "subtotal": 100,
    "tax": 10,
    "total": 110,
    "notes": "Thank you for your business!",
    "items": [
      {
        "description": "Frontend Development",
        "quantity": 1,
        "unitPrice": 100
      }
    ],
    "id": 4
  }
]